<?xml version='1.0' encoding='UTF-8'?>
<faces-config version="2.2"
    xmlns="http://xmlns.jcp.org/xml/ns/javaee"
    xmlns:xsi="http://www.w3.org/2001/XMLSchema-instance"
    xsi:schemaLocation="http://xmlns.jcp.org/xml/ns/javaee http://xmlns.jcp.org/xml/ns/javaee/web-facesconfig_2_2.xsd">

    <application>
	<resource-bundle>
	    <base-name>i18n.messages</base-name>
	    <var>msgs</var>
	</resource-bundle>
	<locale-config>
	    <default-locale>en</default-locale>
	    <supported-locale>fr</supported-locale>
	</locale-config>
    </application>

    <navigation-rule>
	<from-view-id>/result.xhtml</from-view-id>
	<navigation-case>
	    <from-outcome>doItAgain</from-outcome>
	    <to-view-id>/welcome.xhtml</to-view-id>
	</navigation-case>
    </navigation-rule>

</faces-config>
