<?xml version="1.0" encoding="UTF-8"?>
<project-private xmlns="http://www.netbeans.org/ns/project-private/1">
    <editor-bookmarks xmlns="http://www.netbeans.org/ns/editor-bookmarks/2" lastBookmarkId="0"/>
    <open-files xmlns="http://www.netbeans.org/ns/projectui-open-files/2">
        <group>
            <file>file:/Users/lemeunie/Google%20Drive/enseignement/2013-2014/Semestre_2/M1-178EN003-Prog_distribuee/td/td3/sources/NumberQuizz/web/result.xhtml</file>
            <file>file:/Users/lemeunie/Google%20Drive/enseignement/2013-2014/Semestre_2/M1-178EN003-Prog_distribuee/td/td3/sources/NumberQuizz/web/resources/style/mystyle.css</file>
            <file>file:/Users/lemeunie/Google%20Drive/enseignement/2013-2014/Semestre_2/M1-178EN003-Prog_distribuee/td/td3/sources/NumberQuizz/web/welcome.xhtml</file>
            <file>file:/Users/lemeunie/Google%20Drive/enseignement/2013-2014/Semestre_2/M1-178EN003-Prog_distribuee/td/td3/sources/NumberQuizz/src/java/quizz/Problem.java</file>
            <file>file:/Users/lemeunie/Google%20Drive/enseignement/2013-2014/Semestre_2/M1-178EN003-Prog_distribuee/td/td3/sources/NumberQuizz/src/java/quizz/QuizzBean.java</file>
            <file>file:/Users/lemeunie/Google%20Drive/enseignement/2013-2014/Semestre_2/M1-178EN003-Prog_distribuee/td/td3/sources/NumberQuizz/web/WEB-INF/faces-config.xml</file>
        </group>
    </open-files>
</project-private>
